id;date;observations;status
baa5591b-b729-4fed-9f6f-cf9d7fb15c41;2024-04-30T19:10:10;gee delightfully;ACTIVE
e6a36d7a-c685-4748-9034-0c68a36d10d1;2024-05-01T14:36:47;opposite fluid;PENDING
ad5616c4-d41e-4a05-b3c9-1f5f0d70a861;2024-05-01T06:00:33;furiously agent;CANCELED
9973a710-91b9-42fd-927a-a644f12875b5;2024-05-01T14:49:58;expect except;ACTIVE
bf33e2ff-e033-4c66-bf5b-b6743c1ec4ad;2024-05-01T05:45:41;over;CANCELED
5bd427ce-59fa-4657-91fe-d587938f0db7;2024-04-30T18:32:43;misreport afore descend;ACTIVE
e34fb6b6-8820-402e-a738-606acae26073;2024-04-30T19:28:37;jackfruit;CANCELED
0ecca453-7d10-497c-b5bf-ba6093c7841d;2024-04-30T21:49:21;kaleidoscopic;PENDING
8375f092-17de-43ed-9837-e12ed2e1e751;2024-05-01T06:07:09;drat;FINISHED
b3428070-998d-4117-9c17-c9a9b63ca035;2024-05-01T09:09:20;abbreviation clump honest;ACTIVE
