id;company
9270d287-8a87-4153-98c6-511be4bc822e;laugh yum
1da0d723-f0b7-4d07-9a4f-cca184433566;redhead
bed96a69-c766-4afa-a4d3-685d196c8e27;athwart wildly
a7048c03-2e0f-4ed2-86e4-c23ccde8247a;as yawningly
e7e35deb-e7aa-4156-95e9-de78a41a857e;than indeed mutiny
7be8aeee-3994-432e-be58-398af0547dda;yesterday lucky aha
52936a9f-2aa3-48c4-9bbf-f57984c7951e;while
1504352f-9677-46c5-b3da-6b3629b9cb04;er inquisitively abbey
60492ff9-9977-4d01-a71e-1a2b4d5e8345;if brief bah
524e98c0-30a5-49bd-894b-236ec7a09d56;push phew quarry
