id;make;model
c7383a08-d931-4da2-b40b-2701994c326f;mistake;foul versus
f7501323-6bec-459d-b23d-720cc73ee332;worth scarcely;evenly
2df4fc08-052d-4d98-b510-d4b5b527537e;rifle;restfully beside dynamite
fd6dcfe6-cb8d-4065-86e9-1acfff67deb2;readily;likewise or in
c5a208d5-bf46-45b4-914a-d694a1671711;boohoo even;neatly rocket or
dfed9ac4-0578-49d0-9e41-e9583933e6df;repulse unimpressively;ouch
4498af8e-7c62-416a-9678-3450d5c6f8f1;hairy hector;midst
f39dd598-ac98-44cf-b782-3acb4649e094;whereas yearly oof;until definitive
c9a389e8-7bde-4e2a-b60c-d380d1114da3;times;er light inquisitively
a9250ac4-5907-427b-926e-3ba7bf097fc4;continually during align;alongside whoever majestically
